{
    "H": [
        1.35984399e01
    ],
    "C": [
        1.126029e01,
        2.438314e01,
        4.788778e01,
        6.449352e01,
        3.920906e02,
        4.899932e02
    ],
    "Ar": [
        1.575961e01,
        2.762967e01,
        4.073500e01,
        5.958000e01,
        7.484000e01,
        9.129000e01,
        1.244100e02,
        1.434567e02,
        4.226000e02,
        4.797600e02,
        5.404000e02,
        6.190000e02,
        6.855000e02,
        7.551300e02,
        8.555000e02,
        9.183750e02,
        4.120666e03,
        4.426224e03
    ]
}